id,nom,techniques,duree,series,repetitions,materiels,consigne,image
1,Souplesse,,10.0,,,,"""Animaux-boules"" par 2 ou 3. Étirements : haut/bas, côté, en face. Posture : araignées dos à dos.",
2,Souplesse,,10.0,,,,"""Animaux-boules"" par deux, chacun une balle. Araignées dos à dos. Assis face à face, consignes ""D"" (droite) et ""G"" (gauche).",
3,Échauffement,,10.0,,,,"""Animaux-boules"". Lancer, rattraper sur place, en tournant, puis faire une position.",
4,Condition physique,,10.0,,,,"""Animaux-boules"". Un élève en duli, l'autre en mabu, ils échangent 5 fois. Puis un en gong bu (pied/genou), l'autre reçoit, 5 fois.",
5,Échauffement,,10.0,,,,"""Apporter à manger aux crocodiles"". Démarches : aigle, marmottes, chamois, vache qui broute, lézard.",
6,Échauffement,,10.0,,,,"""Apporter à manger aux crocos"".",
7,Jeu,,10.0,,,,"""Arbre de Noël"", des ""voleurs"" et des ""écureuils"".",
8,Souplesse,,10.0,,,,"""Balles-animaux"" en binômes, étirements en haut, en bas, sur le côté. Posture de l’araignée assise, dos à dos.",
9,Souplesse,,10.0,,,,"""Balles-animaux"" en binômes, les balles blanches sont des ""moutons"".",
10,Nandu,,10.0,,,,"""Bataille de boules de neige"", d'abord sans viser, puis sur une cible.",
11,Échauffement,,10.0,,,,"""Boules = fruits de la forêt"". Paumes et poings au sol. Postures : mabu, gong bu.",
12,Souplesse,,10.0,,,,"""Boules d'herbe"". Posture de l'araignée = moutons à l'envers, grand écart.",
13,Jeu,,10.0,,,,"""Champ de bataille enneigé"" entre deux équipes face au miroir.",
14,Jibengong,,10.0,,,,"""Chasser les oiseaux"" (mabu avec bras). Double coup de paume (shuang zhang) de BB à gong bu. Double coup de poing (shuang chong quan) de BB à mabu.",
15,Jibengong,,10.0,,,,"""Chasser les oiseaux"". lunpi, houloutui (scorpion). BB GB shuang zhang (devant). BB MB TT CQ (côté/bloquer haut).",
16,Jeu,,10.0,,,,"""Cormoran et crabes aux rochers"". Un cormoran touche les crabes, qui font 3 pompes s’ils sont touchés.",
17,Condition physique,,10.0,,,,"""Cormoran"" sur une patte sur un ""rocher"".",
18,Condition physique,,10.0,,,,"""CROQUET des marmottes"". Se passer les ""marrons"" (balles) ; quand le marron arrive au bout, les marmottes sortent de leur joie et on recommence.",
19,Jeu,,10.0,,,,"""Épervier mobile"" (jeu de poursuite).",
20,Jeu,,10.0,,,,"""Éviter les avatars en tournant"". Deux équipes. Si deux se retrouvent entre deux ""arbres"", 10 pompes chinoises.",
21,Jeu,,10.0,,,,"""Forêt magique"" avec balles animaux comme fruits. Jeu de ""Poules et un Renard"".",
22,Jeu,,10.0,,,,"""Frites = poissons électriques"". Un groupe a les frites, l'autre les patelles. Si un joueur est touché, il fait un exercice choisi par les enfants, puis les rôles sont échangés.",
23,Nandu,,10.0,,,,"""Frites Sun Wu Kong frappe"". DT et TT sur les frites.",
24,Jeu,,10.0,,,,"""Jeter de la mousse"".",
25,Souplesse,,10.0,,,,"""Lancer du sable"". Tenir des postures sur place : ZTT, LBT, WBT.",
26,Souplesse,,10.0,,,,"""Lancer du sable"". ZTT, LBT, WBT sur place.",
27,Jeu,,10.0,,,,"""Les crabes donnent à manger aux palourdes"".",
28,Jeu,,10.0,,,,"""Les crabes donnent aux étoiles de mer"".",
29,Condition physique,,10.0,,,,"""Les moutons fêtent la nouvelle année"", inventer une danse des moutons.",
30,Jeu,,10.0,,,,"""Les singes donnent à manger aux tigres"".",
31,Jeu,,10.0,,,,"""Les singes nourrissent les tigres"".",
32,Jeu,,10.0,,,,"""Les voleurs de boules de Noël"" (équipe 1) et ""les écureuils"" (équipe 2). Les écureuils doivent récupérer les boules pour décorer le sapin.",
33,Nandu,,10.0,,,,"""Lianes de la jungle"" (corde). Crabes glissent sous la corde en pubu. Zèbres et éléphants sur la corde.",
34,Jeu,,10.0,,,,"""Moutons & Loups"".",
35,Condition physique,,10.0,,,,"""Nuit des moutons"". Ils fêtent la nouvelle année en inventant une danse.",
36,Nandu,,10.0,,,,"""Parcours des îles"" : équilibre sur coussins, sauts, techniques diverses.",
37,Condition physique,,10.0,,,,"""Passer la souris sous la glace"". Un joueur passe et lance la souris à un autre qui passe à son tour.",
38,Souplesse,,10.0,,,,"""Planter le riz"" (étirements jambes tendues et fléchies).",
39,Jeu,,10.0,,,,"""Poissons électriques"" : poursuite avec frites en mousse et patelles.",
40,Jeu,,10.0,,,,"""Touché-inverse"". Le plongeur (yang) touche, le touché fait 3 pompes chinoises.",
41,Souplesse,,10.0,,,,"""Travailler à l'usine"".",
42,Souplesse,,10.0,,,,"""Traverser les buissons"", passer dans les cercles en crabe puis en canard.",
43,Souplesse,,10.0,,,,"""Traverser les buissons"". Étirements avec bâton : bras tendus devant, derrière et sur les côtés ; lever le bâton en mabu ; rotations des poignets ; passer par-dessus le bâton.",
44,Condition physique,,10.0,,,,"""Tunnel des araignées de mer"" à deux équipes.",
45,Condition physique,,10.0,,,,"""Tunnel des araignées de mer"" en 2 équipes.",
46,Condition physique,,10.0,,,,"""Tunnel sous la glace"". Se passer la ""souris"" (balle) par-dessus.",
47,Souplesse,,10.0,,,,"1 animal pour 2. Étirements : haut/bas, côté, assis en face. Postures : araignée (avant et arrière), gorille, crabe, scorpion (houloutui).",
48,Condition physique,,10.0,,,,Abdos à deux.,
49,Échauffement,,10.0,,,,"Aller-retour entre les ""arbres"". Démarches : xü bu léopard, mabu gorille, gong bu (girafe), croisé singe.",
50,Échauffement,,10.0,,,,"Aller-retour vers les ""rochers"". Démarches : crabe à pinces, crabe rampant, bernard-l'hermite (accroupi), puce de sable (sauter D/G).",
51,Jibengong,,10.0,,,,Alternance de chong quan et tui zhang. Combinaisons incluant dianbu et un coup de poing vers le ciel.,
52,Nandu,,10.0,,,,Animaux-boules en deux groupes. Lancer très droit en gong bu.,
53,Souplesse,,10.0,,,,Animaux-boules.,
54,Échauffement,,10.0,,,,"Animaux-boules. En cercle, lancer vers le haut et rattraper. Rattraper la balle du suivant avec un décalage.",
55,Échauffement,,10.0,,,,"Au mot ""boule"", s'accroupir pendant 3 secondes. Les exercices comprenaient des pas de girafe, des sauts de kangourou et le coq sur une patte.",
56,Échauffement,,10.0,,,,"Autour de ""pics"".",
57,Échauffement,,10.0,,,,"Autour des ""pics enneigés"". Démarches : chamois, marmottes, aigle, perdrix des neiges, souris sous la neige.",
58,Échauffement,,10.0,,,,"Autour des ""pics enneigés"". Démarches d’animaux : chamois, marmotte, aigle, perdrix des neiges. ""Souris dans tunnels sous la neige & loup"".",
59,Échauffement,,10.0,,,,"Autour des ""pics"". Démarches d'animaux : chamois, marmottes (à 4 pattes, se cacher, tourner), aigle (mouvements de bras), perdrix des neiges (sautiller). Jeu des souris dans les tunnels sous la neige avec un loup.",
60,Échauffement,,10.0,,,,"Autour des ""rochers"". Mouvements : bernard-l'hermite et puce de mer.",
61,Jibengong,,10.0,,,,"Avec bâton. Piquer sur le côté en GB. ca alterné, qian dian bu, hou tian bu.",
62,Nandu,,10.0,,,,"Avec corde, piquer, saut demi-tour, arrivée en gong bu.",
63,Nandu,,10.0,,,,"Avec élastiques verts, tenir les postures gb, mb, pb.",
64,Échauffement,,10.0,,,,Bancs de poissons en 2 groupes.,
65,Échauffement,,10.0,,,,"Bancs de poissons, jeu du ""requin"".",
66,Jeu,,10.0,,,,Bataille de boules de neige en 2 équipes.,
67,Souplesse,,10.0,,,,"Bâton (règles de base). Mouvements : bras tendus (derrière, devant, bas, côté), tourner les poignets, passer les pieds au-dessus du bâton.",
68,Nandu,,10.0,,,,Bâton. Hélicoptère à 2 mains. gongbu mabu yagun.,
69,Souplesse,,10.0,,,,"Bâton. Mouvements : bras tendus, tourner les poignets, pieds au-dessus du bâton.",
70,Jibengong,,10.0,,,,"BB MB bloquer, CQ poing GB. BB bloquer Haut G, DT à D, TZ à D, GB.",
71,Jibengong,,10.0,,,,"BB, BM, blocage, puis GB avec coup de poing opposé, exécuté 3 fois face au miroir.",
72,Jeu,,10.0,,,,"Boules de neige. En mabu, un groupe lance en arrière sur l'autre.",
73,Condition physique,,10.0,,,,"Cercle de pompes chinoises, lentement. Qui est le plus rapide ?",
74,Condition physique,,10.0,,,,"Cercles de pompes chinoises. Postures de ""flamants roses"". Concours de vitesse avec 3 pompes.",
75,Souplesse,,10.0,,,,"Chenille de mer, anémone de mer (lunpi), patelle (écart facial), sole dans le sable (grenouille).",
76,Nandu,,10.0,,,,"Circuit ""animaux-boules"", lancer en mb-gb face à face.",
77,Échauffement,,10.0,,,,"Circuit avec des ""boules"" comme fruits de la forêt. Pas chassés, toucher le sol 3 fois.",
78,Échauffement,,10.0,,,,"Circuit de ""balles animaux"". Lancer des balles en cercle.",
79,Nandu,,10.0,,,,Combinaison 1 (zuhe 1) et se dégager d'une saisie au poignet.,
80,Jibengong,,10.0,,,,"Combinaisons de bb, mb, gb. Reculer pour bloquer bas, puis coup de poing.",
81,Jibengong,,10.0,,,,"Combinaisons de paume qui pousse (Tui zhang), paume qui presse (An zhang), gong bu, BB.",
82,a effacer,,10.0,,,,Consigne,
83,Souplesse,,10.0,,,,"Contre le mur, tenir la posture. Face au mur, croiser un pied. Pubu. Dos au sol, écarter les jambes et les lancer.",
84,Jibengong,,10.0,,,,"Coups de poing alternés (chong quan), mabu, gong bu, xu bu, etc.",
85,Jeu,,10.0,,,,"Course dans le parc en arrière, tourner autour de 1, 2, ou 3 arbres.",
86,Jeu,,10.0,,,,"Course dans le parc, en tournant autour d'un, deux ou trois ""arbres"".",
87,Jeu,,10.0,,,,Course en arrière.,
88,Jeu,,10.0,,,,"Course en zigzag à deux équipes, en tournant autour de chaque ""arbre"".",
89,Jeu,,10.0,,,,Course en zigzag à deux équipes. Jeu de prénoms avec positions qui changent.,
90,Jeu,,10.0,,,,Course en zigzag et un jeu de prénoms.,
91,Jeu,,10.0,,,,"Courses en arrière : simple, araignées, canards, éléphants.",
92,Jibengong,,10.0,,,,"CQ TZ alternés, BBMB bloquer -> GB, BB bloquer côté, piquer et lever la jambe.",
93,Échauffement,,10.0,,,,"Crier ""Sorcière !""",
94,Jibengong,,10.0,,,,"de wubuquan, BB HB bloquer haut, CQ simples puis séries de 2.",
95,Condition physique,,10.0,,,,Défi des positions en rond.,
96,Jibengong,,10.0,,,,"Demi-tour en mabu avec frappe, baoquan mabu shuang zhang.",
97,Condition physique,,10.0,,,,"Deux équipes, qui tient le plus longtemps en mabu et gong bu.",
98,Condition physique,,10.0,,,,"Deux groupes de randonneurs se rencontrent. gongbu gongbu sans tomber, 10 fois.",
99,Condition physique,,10.0,,,,Discussion sur la signification du salut à l'épée/sabre (gongfu/wushu wude).,
100,Condition physique,,10.0,,,,Discussion.,
101,Jeu,,10.0,,,,"Dragon. Sauter par-dessus ou passer en dessous. D'abord à plat, puis le dragon tourne.",
102,Nandu,,10.0,,,,"Échange de frites en mousse (""frites""). ""MB cacquet"" et MB avec touches coude-genou.",
103,Souplesse,,10.0,,,,"En binômes, ""se donner des fruits"" (étirements) en haut, en bas, sur le côté, assis face à face. Posture de l’araignée en arrière.",
104,Souplesse,,10.0,,,,"En binômes, ""se donner les fruits"" (étirements) en haut, en bas, sur le côté, assis face à face ; posture de l’araignée en arrière.",
105,Condition physique,,10.0,,,,"En cercle, tenir 5 secondes ou faire 5 fois les postures : mabu crabe, araignée de mer, gong bu et poulpe (houloutui).",
106,Condition physique,,10.0,,,,"En cercle, tenir la posture 5 secondes ou la faire 5 fois. Postures : mabu crabe attaque, araignée de mer, gong bu, houloutui.",
107,Nandu,,10.0,,,,Enchaîner blocage et frappe. BMB GB du zuhe 2. GB DT.,
108,Nandu,,10.0,,,,"Enchaîner blocage et frappe. mb gb du zuhe 1, un pique à l'épaule, l'autre répond.",
109,Nandu,,10.0,,,,Envoyer des boules de neige sur un sapin.,
110,Jeu,,10.0,,,,Épervier mobile des robots.,
111,Souplesse,,10.0,,,,Étirements difficiles de lunpi et pubu.,
112,Souplesse,,10.0,,,,"Étirements en binôme, ""se donner des fruits"" en haut, en bas, sur le côté ; assis face à face ; et araignées dos à dos.",
113,Nandu,,10.0,,,,"Exercice à deux ""donner les fruits"".",
114,Nandu,,10.0,,,,Exercice à deux : donner et recevoir des coups de paume (chong quan) en disant les prénoms.,
115,Nandu,,10.0,,,,"Exercices avec bâton : yagun, rotations en hélicoptère en gongbu et mabu.",
116,Jibengong,,10.0,,,,"Exercices avec corde, donner un coup de poing par-dessus la corde.",
117,Nandu,,10.0,,,,"Exercices avec frites en mousse : DT, TT, écraser, bloquer haut/bas.",
118,Nandu,,10.0,,,,Exercices avec frites en mousse pour blocages et frappes zuhe 1 et 2.,
119,Nandu,,10.0,,,,"Exercices avec frites en mousse, enchaînement blocages et frappes.",
120,Condition physique,,10.0,,,,"Exercices d’abdominaux, seul puis avec partenaire qui tient les jambes.",
121,Condition physique,,10.0,,,,"Exercices de postures en binôme : un en duli (sur une jambe) et l’autre en mabu, puis inversion.",
122,Nandu,,10.0,,,,Exercices en binôme des zuhe 1 et 2.,
123,Jibengong,,10.0,,,,"Extraits du taolu 3, y compris que tui.",
124,Nandu,,10.0,,,,"Frites. DT, TT, écraser, bloquer haut/bas.",
125,Condition physique,,10.0,,,,Glisser sur le sol en mabu avec touches coude/genou.,
126,Jibengong,,10.0,,,,Gong bu-gong bu + 3 CQ.,
127,Jibengong,,10.0,,,,Gongbu-gongbu avec 3 coups de poing (CQ) contre le mur.,
128,Jibengong,,10.0,,,,"Gou (crochet). Signification martiale : bloquer avec gou, bloquer haut et gou en gong bu.",
129,Souplesse,,10.0,,,,"HCT, lunpi pubu.",
130,Souplesse,,10.0,,,,"HLT, lunpi, pubu.",
131,Condition physique,,10.0,,,,"Jeu ""Sun Wu Kong contre Sun Wukong"". Si le grand est touché : 5 pompes, si un petit est touché : 3 pompes.",
132,Échauffement,,10.0,,,,"Jeu ""Un troupeau + LOUP"", inventer un ""pas de mouton"".",
133,Nandu,,10.0,,,,"Jeu de ""balles-animaux"" : un partenaire lance, l'autre tient une posture.",
134,Condition physique,,10.0,,,,"Jeu de ""croquet"" avec deux équipes dos à dos. Concours de maintien de postures où les enfants peuvent proposer (mabu, gongbu, xübu, pubu).",
135,Condition physique,,10.0,,,,"Jeu de ""Croquet"".",
136,Échauffement,,10.0,,,,"Jeu des boules. Au mot ""boule"", s'accroupir 3 secondes. Déplacements : gong bu, kangourou, xibu chat. Postures : chandelle, coq sur 1 pied.",
137,Échauffement,,10.0,,,,"Jeu des chaînes, il faut garder la position (araignée, pubu, roulade).",
138,Échauffement,,10.0,,,,"Jeu du ""rapace"" et des hamsters. Le dernier libère les autres.",
139,Condition physique,,10.0,,,,"Jeu en cercle en tenant des postures (mabu attaque crabe, gongbu, araignée de mer, poulpe houloutui).",
140,Jeu,,10.0,,,,"Lancer de la mousse (""balles animaux"").",
141,Jeu,,10.0,,,,"Lancer des ""bombes à eau"" (balles animaux).",
142,Jeu,,10.0,,,,Lancer des bombes à eau.,
143,Nandu,,10.0,,,,"Lancer des boules de neige, d'abord sans viser puis dans une cible.",
144,Nandu,,10.0,,,,"Lancer des boules de neige, un puis deux.",
145,Jeu,,10.0,,,,"Lancer pour voir quelle boule va le plus loin. Mabu à l'envers, mettre un marqueur bicolore.",
146,Souplesse,,10.0,,,,"LBT, WBT, HLT contre le mur. Lunpi.",
147,Souplesse,,10.0,,,,"LBT, WBT, HLT et lunpi.",
148,Jeu,,10.0,,,,Les fées se défendent contre la sorcière.,
149,Jibengong,,10.0,,,,"LGZ TZ, AZ TZ, BB MB GB. Tui zhang et An zhang.",
150,Jibengong,,10.0,,,,lunpi et houloutui (scorpion).,
151,Jibengong,,10.0,,,,"mabu assis avec coudes contre les genoux. ZTT sur place, bing bu, coq sur 1 pied.",
152,Échauffement,,10.0,,,,"Marcher sur ""1 ligne"" et ""2 lignes"". Démarches : xubu (prudent), singe se faufile (pas croisé), pas chassé avant.",
153,Échauffement,,10.0,,,,"Marcher sur ""1 ligne"" et ""2 lignes"". Démarches d’animaux : chat prudent (xübu), singe qui se faufile (pas croisé), girafe effrayée (en arrière), chasse chat-souris (pas chassé).",
154,Échauffement,,10.0,,,,"Marcher sur ""1 ligne"" ou ""2 lignes"". Démarches : girafe, girafe effrayée (en arrière), xü bu chat, pas chassé, pas croisé. Imitations : chenille, éléphant.",
155,Échauffement,,10.0,,,,"Marcher sur ""1 ligne"" ou ""2 lignes"". Démarches d’animaux : girafe confiante, girafe effrayée (en arrière), chat chassant la souris (pas chassés).",
156,Échauffement,,10.0,,,,"Marcher, pas croisés, moulin. Jeu ""La flamme bouge"".",
157,Jibengong,,10.0,,,,"Morceau du taolu 3, triple coup de poing, lunpi, demi-tour et frapper vertical 2x.",
158,Souplesse,,10.0,,,,"Moulin contre le mur, libai tui contre le mur puis debout.",
159,Jeu,,10.0,,,,"Moutons et loups dos à dos. Le loup touche avec une frite, le mouton touché fait quelque chose de rigolo.",
160,Échauffement,,10.0,,,,"Mouvements de crabe avec pinces, crabe rampant, bernard-l'hermite (accroupi) et puce de sable (sauts) autour de ""rochers"".",
161,Échauffement,,10.0,,,,"Mouvements sur le thème de la montagne. Posture de l’aigle, mouvements de marmotte (à quatre pattes), chamois (pas chassés), singe et sauts de kangourou.",
162,Échauffement,,10.0,,,,"Mouvements sur le thème des arbres. Postures d’animaux : léopard (xübu), gorille (mabu), girafe (gongbu) et singe.",
163,Nandu,,10.0,,,,"Parcours des îles, moi = CQ TZ.",
164,Nandu,,10.0,,,,Parcours des îles.,
165,Échauffement,,10.0,,,,"Parcours des robots. Lignes à suivre (xubu, gorille, crabe). Si on sort, 3 pompes. Improviser et inventer des mouvements de robot pour ""se recharger"".",
166,Échauffement,,10.0,,,,"Parcours en zigzag autour de ""parapluies"" (cônes). Sauter dans des ""flaques"".",
167,Échauffement,,10.0,,,,"Parcours en zigzag, pas croisés, en pubu.",
168,Échauffement,,10.0,,,,"Parcours le long des ""digues de rizière"" (lignes au sol). Postures : xübu (chat), mabu, gongbu, bb, crabe.",
169,Souplesse,,10.0,,,,"Passages mabu-pubu, gongbu-pubu, GB-GB-pubu, jiti-pubu.",
170,Jibengong,,10.0,,,,"Passages mb-gb, xübu coup de pied tantui, pieds parallèles et tourner/revenir.",
171,Jibengong,,10.0,,,,"Passages. Pieds parallèles, se tourner et revenir. Tourner en levant les jambes. xübu coup de pied. Postures mb, gb.",
172,Condition physique,,10.0,,,,"Passer sous une ""clôture"" tenue par les parents. Posture du crabe (pubu) sous la corde, posture du coq (ZTT) par-dessus la corde.",
173,Jibengong,,10.0,,,,"Posture du cavalier (mabu), 2TT, BB.",
174,Souplesse,,10.0,,,,"Postures : crabe, gorille, araignées, chenille.",
175,Souplesse,,10.0,,,,"Postures de créatures marines : chenille de mer, anémone de mer (lunpi), patelle (grand écart), sole dans le sable (grenouille).",
176,Souplesse,,10.0,,,,"Postures de la vache : ""qui broute"" et ""qui donne un coup de tête"" à quatre pattes.",
177,Nandu,,10.0,,,,"Préparation pour le saut : anas saut, ciseau pré-saut, pas chassé avant.",
178,Jibengong,,10.0,,,,"Sabre. mabu-gongbu piquer, xubu frapper en diagonale, piquer en GB, demi-tour et idem.",
179,Condition physique,,10.0,,,,"Sabre/épée, signification du salut (gongfu/wushu).",
180,Nandu,,10.0,,,,Se dégager d’une saisie au poignet et d’une saisie à l’épaule.,
181,Nandu,,10.0,,,,Se dégager de saisies au poignet et à l'épaule.,
182,Nandu,,10.0,,,,"Se dégager quand le poignet est attrapé, se dégager quand l'épaule est attrapée.",
183,Nandu,,10.0,,,,Se dégager quand le poignet est attrapé.,
184,Souplesse,,10.0,,,,"Se donner les fruits, un pour deux. Étirements haut, bas, côté. Assis en face, araignées.",
185,Condition physique,,10.0,,,,"Se lancer des boules en tenant une posture (jiti, mabu, gongbu, xübu, pubu). Un échec = 3 pompes chinoises.",
186,Condition physique,,10.0,,,,"Se tenir aux arbres. Flamants roses : genou haut, tantui, pied pointé derrière, sur le côté.",
187,Jibengong,,10.0,,,,"Séries de deux techniques : blocage haut, DT, TZ + GB.",
188,Condition physique,,10.0,,,,Signification du salut (gongfu/wushu/wude).,
189,Jibengong,,10.0,,,,"Signification martiale de shuang zhang, zuhe 5. moi CQ TZ 5x.",
190,Jibengong,,10.0,,,,"Signification martiale de zhang, zuhe 5 (dégager, pousser), revoir CQ TZ.",
191,Jibengong,,10.0,,,,Signification martiale du zuhe 5 (combinaison 5). Révision de CQ TZ et xiebu.,
192,Jibengong,,10.0,,,,taolu 3 (morceaux 1 et 2).,
193,Jibengong,,10.0,,,,"taolu 3, zuhe 1, zuhe 2.",
194,Condition physique,,10.0,,,,"Tenir des postures avec le genou levé contre un mur (de face, de dos et de côté).",
195,Condition physique,,10.0,,,,"Tenir des postures basses (mabu, gongbu, xübu, pabu, dingbu) en deux équipes.",
196,Condition physique,,10.0,,,,"Tenir un trésor pendant 5"" en jili et le mettre sous un plot.",
197,Souplesse,,10.0,,,,"Transitions de postures basses (mabu, gongbu, pubu).",
198,Souplesse,,10.0,,,,"Un enfant mène les exercices. Postures : chandelle, éléphant (jambes tendues), gorille (mabu), scorpion (houloutui).",
199,Souplesse,,10.0,,,,"Un enfant montre les postures. Postures : crabe (pabu), gorille (mabu), scorpion (houloutui).",
200,Nandu,,10.0,,,,"Un lance, l'autre évite, 10 fois puis changer.",
201,Échauffement,,10.0,,,,Un troupeau + 1 loup. Inventer le pas du mouton.,
202,Jibengong,,10.0,,,,"Vrais sabres (manipulés avec précaution). Tenir le sabre, équilibre et mouvements de base : posture bb avec pique avant, transition mabu-gongbu, posture bb avec cercle et coupe.",
203,Jibengong,,10.0,,,,"Vrais sabres. Tenir le sabre, balancer en parallèle, bb/mb-gb piquer, cercle, couper à droite.",
204,Jeu,,10.0,,,,"ZIGZAG avec pas chassés, sur un pied, pas croisés.",
205,Jeu,,10.0,,,,Zig-zag et tour des prénoms.,
206,Souplesse,,10.0,,,,ZTT et WBT en déplacement.,
207,Souplesse,,10.0,,,,"ZTT, WBT en déplacement ou fixe. HLT, DT, que tui.",
208,Nandu,,10.0,,,,"zuhe (bb-mb-gb-bb), piquer, couper, tourner.",
209,Jibengong,,10.0,,,,"Zuhe 1, 2 du taolu 3.",
210,Jibengong,,10.0,,,,"zuhe 1, zuhe 2.",
211,Échauffement,,10.0,,,,Intégrer des déplacements en Mǎ bù ou en pas chassé,
212,a effacer,,10.0,,,,Stimuler la créativité et l’inventivité des participants. Permettre aux enfants d’explorer leur créativité à travers des mouvements libres.,
213,Échauffement,,10.0,,,,"Déplacements en courant. Variante : se concentrer sur un seul mouvement ou changer toutes les 10s. Déplacements inspirés des animaux (simplifié : un animal, avancé : changer d’animal toutes les 10s).",
214,Condition physique,,10.0,,,,"Étirements dynamiques en posture basse (Pú bù), ours qui marche lentement, serpent (ramper), flamand rose (Dān dié bù/Tī xī), bondissements canard/Mǎ bù, travail pointe du pied. Favoriser amplitude. Variante : statique ou ajouter consignes créatives.",
215,Jibengong,,10.0,,,,"Tan tui combiné à des mouvements libres, ChongQuan avec un ballon pour explorer les trajectoires. Encourager improvisation et respect des bases. Variante : limiter les choix ou créer enchaînements variés.",
216,Zuhe,,10.0,,,,"Inventer une routine en petit groupe (mini 4 mouvements), coopération/écoute, variante : routine à 2 mouvements ou accessoires/thème imposé.",
217,Jeu,,10.0,,,,"""Le serpent fluide"" : chef d’orchestre en mouvement, suivre le leader. Objectif : coordination, créativité. Variante : basique/lent ou complexe/rapide.",
218,a effacer,,10.0,,,,Proposer des thèmes pour guider les routines.,
219,Échauffement,,10.0,,,,course avec différents mouvements,
220,Souplesse,,10.0,,,,"Ours, chenille, canard, araignée",
221,Jibengong,,10.0,,,,parcours Mǎ bù échelle / serpent (ramper sur le ventre) / serpent fatigué sur le dos / tixi fente / tixi sur un coussin,
222,Zuhe,,10.0,,,,"A deux, moulins pour la rotation du buste, puis même exercice avec peluches, communication en mode ChongQuan. Yi Lu Chang Quan 1",
223,Jeu,,10.0,,,,,
224,a effacer,,10.0,,,,Renforcer l'équilibre et la coordination tout en s’amusant.,
225,Échauffement,,10.0,,,,"Course comme habituellement. Variante : course en ligne droite, arrêts simples, déplacements en Mǎ bù ou pas chassé. Avancé : ajouter obstacles ou ramasser un objet à l’arrêt.",
226,Souplesse,,10.0,,,,"Mǎ bù statique avec plot ou balle sur la tête, passage sous un banc en Mǎ bù, étirements dynamiques crabes/Pú bù. Insister sur la fluidité et précision.",
227,Jibengong,,10.0,,,,"ChongQuan avec ballon, introduire Tan tui en frappant une frite. Maîtriser les mouvements et l’équilibre. Variante : sans cible, ou déplacement en ligne/cercle.",
228,Zuhe,,10.0,,,,yubé - ChongQuan gauche/droite. Synchronisation et entraide.,
229,Jeu,,10.0,,,,"""Attrape-le-cerceau""/""Attrape-la-balle"" : 2 enfants en Mǎ bù, cerceau ou balle au milieu, attraper au top. Variante main sur la tête/dos. Objectif : réactivité.",
230,a effacer,,10.0,,,,Ajouter des variantes au jeu pour les enfants avancés.,
231,a effacer,,10.0,,,,Développer la stabilité en posture dynamique.,
232,Échauffement,,10.0,,,,"Course avec pauses en Gongbu. Variante : pauses longues ou courtes, consignes supplémentaires (rotation bras).",
233,Souplesse,,10.0,,,,"Mǎ bù avec mouvements latéraux, passage sous obstacles bas. Encouragez les transitions fluides.",
234,Jibengong,,10.0,,,,"Tuī zhǎng avec un partenaire, Yi Lu Chang Quan segmenté. Renforcer l’équilibre. Variante : mouvements en place ou enchaînements sans pause.",
235,Zuhe,,10.0,,,,"Cercle, chaque enfant exécute un mouvement appris. Variante : simple ou plusieurs mouvements par rotation.",
236,Jeu,,10.0,,,,"""Le pont humain"" : former un pont en Mǎ bù, d’autres traversent. Objectif : collaboration/stabilité. Variante : ajouter consignes/objet.",
237,a effacer,,10.0,,,,Prévoir des variations pour les groupes avancés.,
238,a effacer,,10.0,,,,"Renforcer la coopération et la coordination dans les enchaînements. Apprendre à travailler en groupe, synchronisation.",
239,Échauffement,,10.0,,,,"Déplacements synchronisés avec partenaire. Variante : mouvements basiques/lents, ou changements de direction.",
240,Souplesse,,10.0,,,,"Étirements synchronisés avec partenaire, Mǎ bù avec passages sous obstacles. Accent fluidité/synchronisation.",
241,Jibengong,,10.0,,,,"Za Quan en cercle, ChongQuan trajectoires croisées entre partenaires. Renforcer synchronisation.",
242,Zuhe,,10.0,,,,Mini-chorégraphie en groupe (3-4). Travail d’écoute et de coordination.,
243,Jeu,,10.0,,,,"""Les enchaînements relais"" : chaque groupe présente un mouvement. Variante : transitions entre groupes.",
244,a effacer,,10.0,,,,Encourager l’entraînement à la maison.,
245,a effacer,,10.0,,,,Renforcer la fluidité des mouvements dans les enchaînements. Travailler la créativité et l’adaptabilité.,
246,Échauffement,,10.0,,,,"Déplacements courses, imitation d’animaux (ours, grenouille, araignée). Variante : ligne droite ou changements/transitions animaux.",
247,Souplesse,,10.0,,,,"Pú bù, Pú bù enchaîné avec Mǎ bù, sauts contrôlés araignée/grenouille. Insister sur la fluidité/amplitude.",
248,Jibengong,,10.0,,,,Tan tui en frappant une frite. Maîtriser les transitions entre postures sans rupture.,
249,Zuhe,,10.0,,,,"yubé - ChongQuan gauche/droite. Synchroniser les mouvements, entraide.",
250,Jeu,,10.0,,,,"""Le serpent fluide"" : suivre un leader en mouvement. Objectif : coordination/créativité. Variante : basique ou complexe/rapide.",
251,a effacer,,10.0,,,,Ajouter séquences complexes pour groupes avancés.,
252,Échauffement,,10.0,,,,course avec différents mouvements,
253,Souplesse,,10.0,,,,canard → gorille → lapin,
254,Jibengong,,10.0,,,,parcours Mǎ bù échelle / pas chassé / tixi / tixi sur un coussin,
255,Zuhe,,10.0,,,,"Lapin, Moulin à vent - frite, Yi Lu Chang Quan 1",
256,Jeu,,10.0,,,,"le béret : 4 tours en se déplaçant (pas chassé, saut pied joints, saut Mǎ bù), donner noms d'animaux (Rat, Bœuf, Tigre, Lapin, Dragon)",
257,Échauffement,,10.0,,,,Radar articulation + Course avec différents mouvements,
258,Souplesse,,10.0,,,,"chenille, canard",
259,Jibengong,,10.0,,,,"Mǎ bù, Tuī zhǎng avec frite",
260,Zuhe,,10.0,,,,,
261,Jeu,,10.0,,,,"1,2,3 Bìng bù - Bào quán - Mǎ bù",
262,Échauffement,,10.0,,,,course avec différents mouvements,
263,Souplesse,,10.0,,,,canard → crabe,
264,Jibengong,,10.0,,,,Mǎ bù échelle,
265,Zuhe,,10.0,,,,Moulin à vent - frite,
266,Jeu,,10.0,,,,Queue du dragon,
267,Échauffement,,10.0,,,,course avec différents mouvements,
268,Souplesse,,10.0,,,,canard → gorille → lapin,
269,Jibengong,,10.0,,,,Mǎ bù échelle,
270,Zuhe,,10.0,,,,Moulin à vent - frite ; Yi Lu Chang Quan 1,
271,Jeu,,10.0,,,,le dragon n'est pas passé,
272,Échauffement,,10.0,,,,"canard, ours, lézard à collerette",
273,Souplesse,,10.0,,,,split,
274,Jibengong,,10.0,,,,"Mǎ bù, Gōng bù, Xū bù, Pú bù, Xié bù, Gōng bù",
275,Jibengong,,10.0,,,,Chōng quán,
276,Jibengong,,10.0,,,,"Héng dǐng tuǐ, Tàn tuǐ",
277,Zuhe,,10.0,,,,,
278,Taolu,,10.0,,,,,
279,Échauffement,,10.0,,,,"canard, lézard, araignée",
280,Souplesse,,10.0,,,,"split, canard crabe",
281,Jibengong,,10.0,,,,"Xū bù, Pú bù",
282,Jibengong,,10.0,,,,Chōng quán,
283,Jibengong,,10.0,,,,"Zhèng tī tuǐ, Dēng tuǐ",
284,Zuhe,,10.0,,,,wǔbù quán (组合五步拳),
285,Taolu,,10.0,,,,,
286,a effacer,,10.0,,,,Travailler la stabilité et la posture avec des accessoires variés.,
287,a effacer,,10.0,,,,Développer la concentration et l’équilibre.,
288,Échauffement,,10.0,,,,Course comme habituellement ; Variante : déplacements en Mǎ bù ou en pas chassé.,
289,Souplesse,,10.0,,,,"Postures : Mǎ bù statique avec un plot ou une balle sur la tête, passage sous un banc en position Mǎ bù. Indication pédagogique : Encouragez les enfants à maintenir leur posture en respirant profondément.",
290,Jibengong,,10.0,,,,ChongQuan tigre avec peluche à 2 pour allonger le mouvement. Objectif : Développer la précision et le contrôle des mouvements.,
291,Zuhe,,10.0,,,,yubé - ChongQuan gauche droite. Objectif : Synchroniser les mouvements et encourager l’entraide.,
292,Jeu,,10.0,,,,"""Attrape-le-cerceau"" / ""Attrape-la-balle"" : Par deux, cerceau ou balle au milieu, les deux enfants en Mǎ bù, l'objectif est d'attraper l'objet le plus vite possible, avec variantes. Objectif ludique : Améliorer la réactivité.",
293,Échauffement,,10.0,,,,Radar articulation + Course avec différents mouvements,
294,Souplesse,,10.0,,,,"canard, gorille",
295,Jibengong,,10.0,,,,Bào quán - ballon de baudruche,
296,Zuhe,,10.0,,,,,
297,Jeu,,10.0,,,,Bataille de ballon,
298,Échauffement,,10.0,,,,Radar articulation + Course avec différents mouvements,
299,Souplesse,,10.0,,,,"canard, gorille, oie",
300,Jibengong,,10.0,,,,Bào quán - ballon de baudruche,
301,Zuhe,,10.0,,,,,
302,Jeu,,10.0,,,,"1,2,3 Bìng bù - Bào quán",
303,Échauffement,,10.0,,,,Radar articulation + Course avec différents mouvements,
304,Souplesse,,10.0,,,,Crabe - Pú bù,
305,Jibengong,,10.0,,,,Bào quán - Tuī zhǎng,
306,Zuhe,,10.0,,,,,
307,Jeu,,10.0,,,,Zhang - Ballon de baudruche,
308,jeu - Le serpent protecteur,,10.0,,,,Les enfants forment une ligne en Mǎ bù en se tenant par les épaules. Le dernier tient un objet (« œuf »). Le premier doit empêcher les autres de toucher l’œuf en guidant le serpent. Coordination et travail d’équipe pour protéger et défendre.,
309,jeu - Le gardien du trésor,,10.0,,,,"Un enfant est « gardien » en Gongbu devant un cerceau contenant des objets. Les autres doivent récupérer les objets sans être touchés, le gardien peut lancer un ballon doucement. Travail équilibre, concentration, réactivité.",
310,jeu - L’échange rapide,,10.0,,,,"En binôme, les enfants se tiennent paumes contre paumes (Tuī zhǎng) et doivent échanger un ballon ou une frite en gardant la posture. Renforcer stabilité et coordination.",
311,jeu - Le chemin du dragon,,10.0,,,,"Parcours avec obstacles (cerceaux, plots). Les enfants avancent en file indienne : ex. Pú bù sous un banc, Mǎ bù avec ballon sur la tête. Fluidité et concentration.",
312,jeu - Le béret collaboratif,,10.0,,,,"Deux équipes, chaque joueur a un numéro. Quand son numéro est appelé, deux enfants avancent en Mǎ bù ou Tan tui pour attraper un foulard. Variante collaborative : 2 numéros pour favoriser la coordination.",
313,jeu - Le fil invisible,,10.0,,,,"En duo, imaginer un fil invisible entre les paumes, se déplacer sans le « casser ». Ajouter consignes (tourner, pas chassé…). Coordination et précision.",
314,jeu - Les protecteurs du cercle,,10.0,,,,"Cercle d’enfants, un objet au centre. Deux enfants (« protecteurs ») empêchent les autres de toucher l’objet, tout en restant dans le cercle. Esprit d’équipe, stratégie.",
315,jeu - La parade synchronisée,,10.0,,,,"Binôme/groupe, créer un mini-enchaînement synchronisé (ChongQuan, Za Quan, Mǎ bù…). Variante : ajouter objets à transmettre. Créativité et collaboration.",
316,jeu - Attrape l’étoile,,10.0,,,,"Un enfant (« étoile ») se déplace en saut Tan tui, les autres doivent le suivre en mimant ses mouvements. Renforcement musculaire, imitation.",
317,jeu - Les gardiens des ponts,,10.0,,,,"Objets au sol pour représenter des « ponts ». Chaque équipe traverse en Mǎ bù ou Pú bù, tout en défendant son territoire contre une autre équipe. Coordination, respect des consignes.",
318,jeu - Rampe Mǎ bù,,10.0,,,,"Se déplacer en Mǎ bù sous des obstacles (bancs, frites suspendues). Développer la souplesse des hanches, stabilité et contrôle posture basse. Adapter la hauteur/proposer défis/chrono.
Les enfants se déplacent en maintenant une posture stable.
Ajustez la hauteur des obstacles pour rendre l’exercice progressif.
Chronométrez ou proposez un défi en binôme pour stimuler l’engagement.",
319,"jeu - 1,2,3 Bùfǎ",,10.0,,,,"Jeu type « 1,2,3 soleil » : avancer en posture donnée (Mǎ bù…) quand le maître du jeu dit « 1,2,3 Bùfǎ ». S’ils bougent quand il se retourne, retour au départ. Bases posturales, contrôle, réactivité.
L’enfant maître du jeu dit ""1,2,3 Bùfǎ"" et se retourne.
Les autres avancent dans une posture donnée (ex. Mǎ bù).
S’ils sont vus en mouvement, ils reviennent au point de départ",
320,jeu - Tomato'bufa : Mǎ bù tomate,,10.0,,,,"Avancer en Mǎ bù en transportant un ballon (« tomate ») sur la tête ou dans les mains. Si le ballon tombe, recommencer. Coordination, équilibre, endurance posture basse.
Chaque enfant place un ballon sur sa tête ou le porte délicatement.
Avancez en Mǎ bù sur un parcours (droite, cercle, zigzag).
Si le ballon tombe, l’enfant recommence.",
321,jeu - Mǎ bù loup y es-tu,,10.0,,,,"Variante de « 1,2,3 loup y es-tu » : avancer en Mǎ bù, s’arrêter en posture stable quand le loup se retourne. Renforcer la posture basse, réactivité.
Un enfant joue le ""loup"" et se tient de dos.
Les autres avancent en Mǎ bù.
Quand le loup se retourne, ils doivent s’arrêter en position stable",
322,jeu - Pass'ton Ballon : Tuī zhǎng,,10.0,,,,"Passer un ballon à son binôme en poussant de la paume (Tuī zhǎng), à distance croissante. Force, précision, communication.
Les enfants se placent en binôme, à environ 1 mètre l’un de l’autre.
Passer le ballon avec une poussée contrôlée de la paume.
Augmentez progressivement la distance pour stimuler la précision",
323,jeu - Pass'ta frite : Tuī zhǎng Frites,,10.0,,,,"Variante avec une frite : passer la frite en Mǎ bù ou Gongbu, alterner les mains, viser une cible. Précision et stabilité.
Se placer en binôme, en Mǎ bù ou Gongbu pour plus de défi.
Passer la frite d’un partenaire à l’autre, avec un mouvement de Tuī zhǎng.
Ajouter des consignes (ex. alterner les mains, viser une cible précise).",
324,jeu - Queue du dragon,,10.0,,,,"Ligne d’enfants : le dernier a une « queue » (foulard), le premier doit tenter de l’attraper sans casser la ligne. Coordination, réactivité, endurance.
Les enfants avancent en ligne en suivant un leader.
Le leader tente d’attraper la queue sans casser la ligne.
Changez de leader pour impliquer tout le monde.",
325,jeu - Le dragon n’est pas passé,,10.0,,,,"Les enfants traversent un « pont » formé par leurs camarades en Mǎ bù ou Gongbu sans toucher le sol en dehors du passage. Stabilité, entraide, équilibre.
Les enfants forment un pont avec leurs bras ou jambes en position basse.
Un enfant traverse en équilibre.
Tournez pour que chaque enfant devienne le ""dragon"" à traverser.",
326,jeu - Laisse pas partir la mouche,,10.0,,,,"Cercle en Mǎ bù/Pú bù, lancer/attraper une balle sans la laisser tomber. Si la balle tombe, posture plus basse. Concentration, précision, stabilité.
Les enfants se placent en cercle, en Mǎ bù ou Pú bù.
Lancer la balle à un camarade en disant son prénom.
Si la balle tombe, recommencez avec un défi (ex. posture plus basse).",
327,Jibengong - Bìng bù,,10.0,,,,"Posture pieds parallèles et alignés. Apprendre à transférer le poids. Progression : mains sur les hanches, transitions dynamiques vers Gongbu ou Mǎ bù, plot avec balle sur la tête. Développe la stabilité de base.",
328,Jibengong - Bào quán,,10.0,,,,"Poing serré devant la poitrine, une main poing/l’autre ouverte, salut Wushu. Synchroniser le Bào quán avec des mouvements en Gongbu ou Pú bù, ajouter des pas chassés. Insister sur le respect et la discipline.",
329,Jibengong - Mǎ bù,,10.0,,,,"Posture du cavalier, jambes fléchies/écartées pour renforcer hanches et cuisses. Tenir un ballon au-dessus de la tête, petits sauts en restant en Mǎ bù, plot avec balle sur la tête.",
330,Jibengong - Mǎ bù - Saut,,10.0,,,,"Sauter à partir de Mǎ bù, revenir à une posture stable. Commencer par des sauts simples, augmenter la hauteur, ajouter une frappe de poing en l’air.",
331,Jibengong - Mǎ bù - Accroupi,,10.0,,,,"Descendre lentement en position accroupie depuis Mǎ bù, genoux alignés. Tenir la position, puis revenir, ajouter un objet à tenir. Travail souplesse et contrôle.",
332,Jibengong - Mǎ bù - Vrille,,10.0,,,,"Rotation à 180° (ou 360° avancés) à partir de Mǎ bù. Commencer par 90°, augmenter la vitesse/amplitude. Renforce coordination, équilibre, hanches.",
333,Jibengong - Mǎ bù sauté avec appui,,10.0,,,,"Sauter à partir de Mǎ bù, mains sur plot ou partenaire. Retirer l’appui progressivement. Puissance des jambes, coordination haut/bas du corps.",
334,Jibengong - Mǎ bù échelle de singe,,10.0,,,,"Avancer en Mǎ bù, mains sur échelle horizontale ou frite basse. Varier hauteur, ajouter des pauses. Renforce bras/jambes et coordination.",
335,Jibengong - Mǎ bù sur banc,,10.0,,,,"Se placer en Mǎ bù sur un banc, travailler stabilité sur surface étroite. Ajouter transitions (passage en Gongbu), manipuler un objet.",
336,Jibengong - Mǎ bù passer sous bâton avec plot,,10.0,,,,"Avancer en Mǎ bù sous un bâton, plot ou ballon en équilibre sur la tête. Bâton à hauteur variable, augmenter vitesse/distance. Travail posture, coordination.",
337,Jibengong - Mǎ bù bâton attaché dans le dos,,10.0,,,,Tenir un bâton attaché dans le dos pour corriger l’alignement en Mǎ bù. Ajouter déplacements et rotations du buste. Muscles dos/jambes.,
338,Jibengong - Mǎ bù échelle latéral saut Bì bù,,10.0,,,,"Avancer latéralement en Mǎ bù sur une échelle, ajouter des sauts en Bì bù. Commencer sans saut, ajouter chronométrage/défi. Coordination latérale/explosivité.",
339,Jibengong - Mǎ bù à 2 face à face,,10.0,,,,"Binôme, Mǎ bù face à face, mains en Tuī zhǎng, essayer de déséquilibrer l’autre. Ajouter rotations du buste/pas latéraux.",
340,Jibengong - Gongbu sur trajectoire,,10.0,,,,"Avancer en Gongbu sur un trajet zigzag, ajouter rotations à chaque virage, travailler en binôme. Fluidité, transitions jambes.",
341,Jibengong - Déplacement Gongbu-Tuī zhǎng,,10.0,,,,Avancer en Gongbu en effectuant une poussée de paume (Tuī zhǎng) vers l’avant. Progression : seul puis collaboratif à deux.,
342,Jibengong - Gongbu - Pas chassés,,10.0,,,,"Pas chassés en posture Gongbu. Ajouter un objet à tenir, exercice en équipe en synchronisant les pas.",
343,Jibengong - Gongbu avec transfert de poids,,10.0,,,,"Bascule du poids d’une jambe à l’autre en restant en Gongbu, ajouter rotations du tronc, contrôle du centre de gravité.",
344,Jibengong - Gongbu sur cible,,10.0,,,,"En Gongbu, frappes contrôlées sur une cible (plot ou sac). Progression : cibles mobiles ou binôme qui tient la cible.",
345,Jibengong - Gongbu - Cercles en duo,,10.0,,,,"Binôme, avancer en cercle face à face, mains en contact. Ajouter rotations du buste, augmenter la vitesse.",
346,Jibengong - Gongbu avec relais,,10.0,,,,"Se relayer en avançant en Gongbu jusqu’à un point, transmettre un objet. Obstacles sur le trajet, contrainte de temps.",
347,Jibengong - Gongbu avec rotations,,10.0,,,,"Rotations à 180° en Gongbu, garder la posture basse et stable. Ajouter enchaînements de frappes après chaque rotation.",
348,Jibengong - Gongbu avec saut,,10.0,,,,"Passer d’un Gongbu à l’autre par un saut, maintenir la stabilité à la réception, ajouter rotation ou frappe.",
349,Jibengong - Gongbu en miroir,,10.0,,,,"Binôme, un enfant fait des mouvements en Gongbu, l’autre imite en miroir, ajouter déplacements latéraux.",
350,Jibengong - Déplacement Gongbu-Pú bù,,10.0,,,,"Alterner Gongbu et Pú bù en avançant, commencer lentement, puis enchaîner plus rapidement.",
351,Jibengong - Gongbu - Passé sous obstacle,,10.0,,,,"Déplacement en Gongbu sous obstacles (banc, frites…), varier hauteur, ajouter un objet à porter.",
352,Jibengong - Gongbu-Tan tui enchaîné,,10.0,,,,"Enchaînement alternant Gongbu et Tan tui (coup de pied avant), introduire des cibles, travailler en binôme.",
